{
  "project_info": {
    "project_number": "227587316938",
    "project_id": "profilfirebase-23a3a",
    "storage_bucket": "profilfirebase-23a3a.firebasestorage.app"
  },
  "client": [
    {
      "client_info": {
        "mobilesdk_app_id": "1:227587316938:android:bd40f0c7e98a5f52506833",
        "android_client_info": {
          "package_name": "com.example.profilfirebase"
        }
      },
      "oauth_client": [],
      "api_key": [
        {
          "current_key": "AIzaSyA8r-9GUILisVHiQGK2W2Bu26i4ZblNLSM"
        }
      ],
      "services": {
        "appinvite_service": {
          "other_platform_oauth_client": []
        }
      }
    }
  ],
  "configuration_version": "1"
}